order_id,customer_id,full_name,phone_number,country_code,city,product_id,product_name,category,quantity,unit_price,amount,payment_mode,order_date,order_time,customer_signup_date,source_row_valid_hint,normalized_country_code,normalized_phone,normalized_order_date,normalized_order_time,validation_status,validation_reason
ORD000079,474303,Akarsh Doctor,7336225326,IN,Ahmedabad,P1002,Smart Watch,Electronics,2,3645,7290,UPI,30-10-2023,05:12:08,2025-01-01,VALID,IN,7336225326,2023-10-30,05:12:08,VALID,
ORD000276,450778,Anaya Balay,46604095,SG,Chennai,P1004,Office Chair,Home & Office,3,3950,11850,CASH,18/02/2024,04:46:01,2025-03-16,VALID,SG,46604095,2024-02-18,04:46:01,VALID,
ORD000248,792740,Rhea Deol,8383211590,IN,Hyderabad,P1010,Fitness Band,Electronics,3,2351,7053,WALLET,09-07-2024,01:05,2025-03-17,VALID,IN,8383211590,2024-07-09,01:05:00,VALID,
ORD000056,143476,Pari Dutta,9929530775,IN,Hyderabad,P1005,Mechanical Keyboard,Electronics,2,3633,7266,NETBANKING,2023-06-05,09:05,2023-12-04,VALID,IN,9929530775,2023-06-05,09:05:00,VALID,
ORD000266,156259,Hrishita Gopal,7344359134,IN,Delhi,P1005,Mechanical Keyboard,Electronics,1,3393,3393,NETBANKING,25/09/2024,12:02:25,2024-08-28,VALID,IN,7344359134,2024-09-25,12:02:25,VALID,
ORD000204,957068,Keya Devan,66995835,SG,Hyderabad,P1006,Water Bottle,Lifestyle,5,448,2240,PAYNOW,17/11/2023,12:37:07,2024-12-21,VALID,SG,66995835,2023-11-17,12:37:07,VALID,
ORD000043,890029,Taran Loyal,8003140074,IN,Ahmedabad,P1010,Fitness Band,Electronics,1,2250,2250,WALLET,24-09-2023,14:20:21,2025-03-20,VALID,IN,8003140074,2023-09-24,14:20:21,VALID,
ORD000151,682461,Reyansh Shan,7230468901,IN,Delhi,P1010,Fitness Band,Electronics,4,1974,7896,NETBANKING,01-11-2023,22:45:31,2024-10-14,VALID,IN,7230468901,2023-11-01,22:45:31,VALID,
ORD000117,851249,Manjari Batta,8669084740,IN,Pune,P1005,Mechanical Keyboard,Electronics,1,2674,2674,NETBANKING,06-04-2024,13:03:25,2025-04-14,VALID,IN,8669084740,2024-04-06,13:03:25,VALID,
ORD000209,213392,Raunak Kara,63598326,SG,Bangalore,P1003,Bluetooth Speaker,Electronics,1,1604,1604,WALLET,02/10/2023,11:34,2024-01-01,VALID,SG,63598326,2023-10-02,11:34:00,VALID,
ORD000269,941318,Reyansh Som,9420268308,IN,Hyderabad,P1008,Backpack,Fashion,3,1698,5094,WALLET,02-06-2024,16:56,2025-03-26,VALID,IN,9420268308,2024-06-02,16:56:00,VALID,
ORD000166,952431,Kimaya Chakraborty,8467655445,IN,Chennai,P1008,Backpack,Fashion,1,949,949,UPI,06-03-2024,12:28:55,2024-03-28,VALID,IN,8467655445,2024-03-06,12:28:55,VALID,
ORD000375,979322,Heer Deo,9752956189,IN,Delhi,P1005,Mechanical Keyboard,Electronics,5,3029,15145,NETBANKING,2023-05-30,12:04:34,2025-03-22,VALID,IN,9752956189,2023-05-30,12:04:34,VALID,
ORD000275,450778,Anaya Balay,9646604095,IN,Chennai,P1009,LED Lamp,Home & Office,2,694,1388,WALLET,17-10-2024,08:41:45,2025-03-16,VALID,IN,9646604095,2024-10-17,08:41:45,VALID,
ORD000125,224232,Divyansh Tripathi,8647981998,IN,Mumbai,P1005,Mechanical Keyboard,Electronics,4,2849,11396,CASH,23-03-2024,12:21:11,2025-03-22,VALID,IN,8647981998,2024-03-23,12:21:11,VALID,
ORD000272,775342,Hiran Seshadri,7551443940,IN,Hyderabad,P1005,Mechanical Keyboard,Electronics,1,2311,2311,UPI,2024-10-24,08:41,2025-04-08,VALID,IN,7551443940,2024-10-24,08:41:00,VALID,
ORD000334,245367,Priyansh Chawla,98272878,SG,Ahmedabad,P1009,LED Lamp,Home & Office,1,997,997,PAYNOW,13-05-2024,00:32,2023-04-28,VALID,SG,98272878,2024-05-13,00:32:00,VALID,
ORD000016,269218,Shlok Gola,7394687208,IN,Ahmedabad,P1002,Smart Watch,Electronics,4,2460,9840,UPI,31/10/2024,12:46,2023-06-13,VALID,IN,7394687208,2024-10-31,12:46:00,VALID,
ORD000348,134669,Vedika Dube,7409997269,IN,Chennai,P1003,Bluetooth Speaker,Electronics,3,1986,5958,NETBANKING,04/02/2023,22:14,2024-01-18,VALID,IN,7409997269,2023-02-04,22:14:00,VALID,
ORD000001,251212,Shanaya Madan,32867654,SG,Chennai,P1002,Smart Watch,Electronics,3,3394,10182,CARD,2024-07-12,01:01,2023-04-21,VALID,SG,32867654,2024-07-12,01:01:00,VALID,
ORD000114,753630,Rati Bumb,9742050442,IN,Chennai,P1010,Fitness Band,Electronics,5,2268,11340,CARD,17-09-2024,14:14,2025-04-11,VALID,IN,9742050442,2024-09-17,14:14:00,VALID,
ORD000078,742912,Jivin Walla,9279939004,IN,Ahmedabad,P1010,Fitness Band,Electronics,3,1426,4278,NETBANKING,13/08/2023,08:43,2023-06-13,VALID,IN,9279939004,2023-08-13,08:43:00,VALID,
ORD000034,249624,Biju Choudhary,7444474733,IN,Chennai,P1007,Notebook Set,Stationery,4,264,1056,WALLET,26-11-2023,21:13:32,2025-03-28,VALID,IN,7444474733,2023-11-26,21:13:32,VALID,
ORD000077,742912,Jivin Walla,9279939004,IN,Ahmedabad,P1010,Fitness Band,Electronics,5,2226,11130,CASH,2023-10-09,21:49,2023-06-13,VALID,IN,9279939004,2023-10-09,21:49:00,VALID,
ORD000156,509222,Nitara Hegde,9613764733,IN,Pune,P1002,Smart Watch,Electronics,1,2748,2748,WALLET,2024-03-03,01:53:25,2024-03-29,VALID,IN,9613764733,2024-03-03,01:53:25,VALID,
ORD000371,353429,Indrajit Gole,8455514457,IN,Chennai,P1008,Backpack,Fashion,1,1422,1422,CASH,13-07-2023,13:25,2023-12-30,MAYBE_INVALID,IN,8455514457,2023-07-13,13:25:00,VALID,
ORD000291,632152,Mishti Basu,7431142293,IN,Kolkata,P1005,Mechanical Keyboard,Electronics,4,2039,8156,CARD,10-02-2023,21:20,2023-12-24,VALID,IN,7431142293,2023-02-10,21:20:00,VALID,
ORD000356,848806,Divit Balay,8075806516,IN,Pune,P1010,Fitness Band,Electronics,5,2611,13055,UPI,19/05/2024,15:11:48,2023-06-24,VALID,IN,8075806516,2024-05-19,15:11:48,VALID,
ORD000091,181605,Rati Balay,9646460159,IN,Hyderabad,P1008,Backpack,Fashion,4,1554,6216,NETBANKING,10/10/2024,10:24:38,2023-12-16,VALID,IN,9646460159,2024-10-10,10:24:38,VALID,
ORD000138,459109,Lavanya Balay,7999152987,IN,Pune,P1010,Fitness Band,Electronics,3,2012,6036,UPI,04/04/2025,14:04,2025-02-03,VALID,IN,7999152987,2025-04-04,14:04:00,VALID,
ORD000058,678221,Umang Varughese,48435858,SG,Hyderabad,P1010,Fitness Band,Electronics,4,1751,7004,CARD,27/06/2023,00:26:28,2024-06-24,VALID,SG,48435858,2023-06-27,00:26:28,VALID,
ORD000074,238575,Damini Bhavsar,7376102852,IN,Pune,P1005,Mechanical Keyboard,Electronics,5,4145,20725,CASH,2023-06-24,12:39,2024-11-22,VALID,IN,7376102852,2023-06-24,12:39:00,VALID,
ORD000073,240679,Ahana  Kumar,8580016724,IN,Mumbai,P1005,Mechanical Keyboard,Electronics,1,2015,2015,CARD,2024-03-30,00:02,2025-03-18,VALID,IN,8580016724,2024-03-30,00:02:00,VALID,
ORD000146,828925,Nehmat Bhatnagar,7442535693,IN,Bangalore,P1006,Water Bottle,Lifestyle,3,550,1650,WALLET,03/06/2024,22:36:19,2024-06-30,VALID,IN,7442535693,2024-06-03,22:36:19,VALID,
ORD000372,337660,Bhavin Bakshi,9824156915,IN,Mumbai,P1007,Notebook Set,Stationery,1,220,220,NETBANKING,19/09/2024,09:41:47,2024-09-04,VALID,IN,9824156915,2024-09-19,09:41:47,VALID,
ORD000142,447906,Ishita Dalal,8979456272,IN,Hyderabad,P1009,LED Lamp,Home & Office,5,946,4730,NETBANKING,31/10/2024,17:00,2025-04-01,VALID,IN,8979456272,2024-10-31,17:00:00,VALID,
ORD000158,594165,Piya Ramachandran,8891385025,IN,Bangalore,P1005,Mechanical Keyboard,Electronics,1,2372,2372,CARD,15/01/2023,09:36,2023-09-29,VALID,IN,8891385025,2023-01-15,09:36:00,VALID,
ORD000094,546093,Neelofar Dewan,7094288686,IN,Chennai,P1002,Smart Watch,Electronics,2,2415,4830,UPI,23/08/2024,21:07:26,2024-07-26,VALID,IN,7094288686,2024-08-23,21:07:26,VALID,
ORD000047,285490,Lakshay Loke,9040520243,IN,Bangalore,P1002,Smart Watch,Electronics,4,3761,15044,CASH,22/12/2023,11:04:32,2025-04-14,VALID,IN,9040520243,2023-12-22,11:04:32,VALID,
ORD000322,605719,Adira Karan,8215100118,IN,Bangalore,P1009,LED Lamp,Home & Office,4,637,2548,CARD,28-05-2023,23:41,2025-02-25,VALID,IN,8215100118,2023-05-28,23:41:00,VALID,
ORD000109,242140,Reyansh Mall,9202074837,IN,Kolkata,P1008,Backpack,Fashion,4,1588,6352,NETBANKING,04-03-2025,01:50:40,2024-02-06,VALID,IN,9202074837,2025-03-04,01:50:40,VALID,
ORD000196,189524,Neysa Sodhi,7116169424,IN,Kolkata,P1004,Office Chair,Home & Office,1,4795,4795,NETBANKING,20-11-2024,09:15,2024-05-14,VALID,IN,7116169424,2024-11-20,09:15:00,VALID,
ORD000040,760885,Prisha Borra,9352674462,IN,Kolkata,P1007,Notebook Set,Stationery,1,432,432,CARD,31-07-2023,18:44:01,2025-04-02,VALID,IN,9352674462,2023-07-31,18:44:01,VALID,
ORD000057,405251,Samarth Kumar,9229991747,IN,Pune,P1009,LED Lamp,Home & Office,1,1170,1170,NETBANKING,29-03-2024,13:19,2025-03-31,VALID,IN,9229991747,2024-03-29,13:19:00,VALID,
ORD000031,217981,Farhan Ravel,7176932950,IN,Chennai,P1003,Bluetooth Speaker,Electronics,1,1562,1562,WALLET,18-11-2023,16:07,2025-04-09,VALID,IN,7176932950,2023-11-18,16:07:00,VALID,
ORD000377,387788,Tiya Suri,8836904357,IN,Pune,P1004,Office Chair,Home & Office,2,6855,13710,NETBANKING,16-11-2023,23:02,2023-12-17,VALID,IN,8836904357,2023-11-16,23:02:00,VALID,
ORD000386,457429,Tanya Gola,7006534601,IN,Delhi,P1008,Backpack,Fashion,4,1390,5560,WALLET,2023-01-14,02:29,2024-08-22,VALID,IN,7006534601,2023-01-14,02:29:00,VALID,
ORD000133,910990,Kiara Karan,7705372224,IN,Kolkata,P1004,Office Chair,Home & Office,2,6341,12682,CARD,2024-07-18,02:04:19,2025-03-18,VALID,IN,7705372224,2024-07-18,02:04:19,VALID,
ORD000164,526034,Kartik Bandi,8138841902,IN,Bangalore,P1002,Smart Watch,Electronics,5,3887,19435,CARD,16/05/2023,18:03:35,2023-09-30,VALID,IN,8138841902,2023-05-16,18:03:35,VALID,
ORD000168,816635,Nishith Mahal,8103771637,IN,Ahmedabad,P1001,Wireless Earbuds,Electronics,2,1748,3496,CASH,16-04-2024,06:59,2025-01-31,VALID,IN,8103771637,2024-04-16,06:59:00,VALID,
ORD000023,266733,Adah Kamdar,8643563127,IN,Mumbai,P1009,LED Lamp,Home & Office,3,1088,3264,CASH,24/03/2024,19:51,2025-04-11,VALID,IN,8643563127,2024-03-24,19:51:00,VALID,
ORD000095,546093,Neelofar Dewan,7094288686,IN,Chennai,P1007,Notebook Set,Stationery,1,327,327,UPI,03-11-2024,03:22:54,2024-07-26,VALID,IN,7094288686,2024-11-03,03:22:54,VALID,
ORD000352,833780,Taran Bora,8090659252,IN,Pune,P1008,Backpack,Fashion,3,1812,5436,NETBANKING,16/04/2024,15:07,2023-10-28,VALID,IN,8090659252,2024-04-16,15:07:00,VALID,
ORD000177,838679,Riaan Anne,7106230885,IN,Bangalore,P1008,Backpack,Fashion,5,1695,8475,UPI,17-11-2023,07:47,2025-03-29,VALID,IN,7106230885,2023-11-17,07:47:00,VALID,
ORD000323,340804,Sana Madan,9908406028,IN,Bangalore,P1009,LED Lamp,Home & Office,5,995,4975,WALLET,29-03-2023,23:57:46,2025-04-14,VALID,IN,9908406028,2023-03-29,23:57:46,VALID,
ORD000182,778801,Shanaya Borde,8873182736,IN,Mumbai,P1002,Smart Watch,Electronics,3,3517,10551,UPI,25-03-2025,12:29,2023-09-02,VALID,IN,8873182736,2025-03-25,12:29:00,VALID,
ORD000347,134669,Vedika Dube,7409997269,IN,Chennai,P1002,Smart Watch,Electronics,3,3939,11817,UPI,15/02/2024,09:45,2024-01-18,VALID,IN,7409997269,2024-02-15,09:45:00,VALID,
ORD000174,711835,Aniruddh Dewan,7088695254,IN,Bangalore,P1006,Water Bottle,Lifestyle,2,636,1272,UPI,02-10-2023,19:02,2024-05-02,VALID,IN,7088695254,2023-10-02,19:02:00,VALID,
ORD000006,541502,Ritvik Chatterjee,7982033579,IN,Kolkata,P1009,LED Lamp,Home & Office,1,1159,1159,CARD,02-12-2024,01:14,2024-11-16,VALID,IN,7982033579,2024-12-02,01:14:00,VALID,
ORD000085,586035,Baiju Dhaliwal,7664797324,IN,Kolkata,P1002,Smart Watch,Electronics,4,2769,11076,NETBANKING,2024-03-31,03:43:23,2024-11-08,VALID,IN,7664797324,2024-03-31,03:43:23,VALID,
ORD000240,774456,Nehmat Suri,8950939032,IN,Bangalore,P1005,Mechanical Keyboard,Electronics,3,3954,11862,CASH,2024-07-17,03:51,2024-07-15,VALID,IN,8950939032,2024-07-17,03:51:00,VALID,
ORD000111,958765,Urvi Kata,80770255,SG,Pune,P1005,Mechanical Keyboard,Electronics,3,3439,10317,WALLET,2023-12-03,23:43,2025-04-04,VALID,SG,80770255,2023-12-03,23:43:00,VALID,
ORD000364,464150,Raghav Lalla,8659221798,IN,Ahmedabad,P1008,Backpack,Fashion,4,1193,4772,UPI,07-04-2025,19:36,2025-03-31,VALID,IN,8659221798,2025-04-07,19:36:00,VALID,
ORD000083,704709,Advika Chauhan,8195964394,IN,Hyderabad,P1010,Fitness Band,Electronics,5,2126,10630,CARD,2023-04-30,01:19,2024-05-28,VALID,IN,8195964394,2023-04-30,01:19:00,VALID,
ORD000115,871624,Lakshay Goda,8361179423,IN,Chennai,P1005,Mechanical Keyboard,Electronics,1,2824,2824,NETBANKING,26-02-2025,16:33,2025-03-26,VALID,IN,8361179423,2025-02-26,16:33:00,VALID,
ORD000004,128097,Jayesh Jha,9834699453,IN,Kolkata,P1007,Notebook Set,Stationery,4,492,1968,UPI,2024-12-22,07:49,2025-03-24,VALID,IN,9834699453,2024-12-22,07:49:00,VALID,
ORD000019,457035,Jhanvi Sehgal,8745916414,IN,Delhi,P1005,Mechanical Keyboard,Electronics,2,4263,8526,NETBANKING,14-07-2023,01:37,2025-03-24,VALID,IN,8745916414,2023-07-14,01:37:00,VALID,
ORD000330,951300,Fateh Balan,8502908518,IN,Bangalore,P1003,Bluetooth Speaker,Electronics,4,1387,5548,CASH,28/05/2024,11:32,2024-01-28,VALID,IN,8502908518,2024-05-28,11:32:00,VALID,
ORD000183,831980,Yashvi Acharya,58063990,SG,Delhi,P1004,Office Chair,Home & Office,5,6180,30900,PAYNOW,06-04-2023,17:30,2024-03-15,VALID,SG,58063990,2023-04-06,17:30:00,VALID,
ORD000173,711835,Aniruddh Dewan,88695254,SG,Bangalore,P1004,Office Chair,Home & Office,4,6284,25136,CASH,02/03/2024,12:15,2024-05-02,VALID,SG,88695254,2024-03-02,12:15:00,VALID,
ORD000064,530489,Alia Deo,9838248510,IN,Delhi,P1008,Backpack,Fashion,2,1720,3440,UPI,02/01/2023,14:26,2024-03-14,VALID,IN,9838248510,2023-01-02,14:26:00,VALID,
ORD000343,685865,Abram Krish,33169212,SG,Hyderabad,P1010,Fitness Band,Electronics,2,2895,5790,CARD,2023-04-20,18:16:16,2025-03-30,VALID,SG,33169212,2023-04-20,18:16:16,VALID,
ORD000230,967425,Prerak Swamy,8869213033,IN,Hyderabad,P1010,Fitness Band,Electronics,2,2119,4238,CARD,22/08/2023,01:54,2023-08-21,VALID,IN,8869213033,2023-08-22,01:54:00,VALID,
ORD000384,633702,Tejas Sanghvi,9396172907,IN,Kolkata,P1010,Fitness Band,Electronics,4,2232,8928,CARD,30-11-2024,04:39:18,2025-04-14,VALID,IN,9396172907,2024-11-30,04:39:18,VALID,
ORD000312,172188,Yuvraj  Ratta,9889030546,IN,Ahmedabad,P1004,Office Chair,Home & Office,5,5920,29600,CASH,03-05-2023,08:35,2023-06-27,VALID,IN,9889030546,2023-05-03,08:35:00,VALID,
ORD000221,951535,Trisha Bedi,8649469945,IN,Delhi,P1002,Smart Watch,Electronics,5,2674,13370,WALLET,2025-02-05,19:43,2023-05-05,VALID,IN,8649469945,2025-02-05,19:43:00,VALID,
ORD000132,910990,Kiara Karan,7705372224,IN,Kolkata,P1006,Water Bottle,Lifestyle,5,466,2330,UPI,18/12/2024,11:32,2025-03-18,VALID,IN,7705372224,2024-12-18,11:32:00,VALID,
ORD000282,577652,Rhea Master,9912430600,IN,Bangalore,P1006,Water Bottle,Lifestyle,3,417,1251,UPI,2025-03-15,13:40:27,2023-09-01,MAYBE_INVALID,IN,9912430600,2025-03-15,13:40:27,VALID,
ORD000238,967683,Kabir Lata,9941838209,IN,Ahmedabad,P1003,Bluetooth Speaker,Electronics,5,1646,8230,UPI,01-08-2023,08:54,2025-03-28,VALID,IN,9941838209,2023-08-01,08:54:00,VALID,
ORD000210,808810,Alia Kapadia,7491846863,IN,Kolkata,P1008,Backpack,Fashion,1,1092,1092,WALLET,03-02-2023,02:28,2025-03-16,VALID,IN,7491846863,2023-02-03,02:28:00,VALID,
ORD000076,215656,Mamooty Yadav,9322906821,IN,Hyderabad,P1008,Backpack,Fashion,3,1598,4794,CASH,2023-11-06,15:06:15,2024-08-18,VALID,IN,9322906821,2023-11-06,15:06:15,VALID,
ORD000105,272460,Shayak Das,51750221,SG,Chennai,P1002,Smart Watch,Electronics,4,3100,12400,CASH,02/03/2025,18:48:37,2023-07-01,VALID,SG,51750221,2025-03-02,18:48:37,VALID,
ORD000017,277847,Dhruv Raman,52639340,SG,Mumbai,P1004,Office Chair,Home & Office,4,4515,18060,CASH,19-03-2023,17:06,2023-09-20,VALID,SG,52639340,2023-03-19,17:06:00,VALID,
ORD000067,493386,Nitya Bawa,9119264476,IN,Hyderabad,P1005,Mechanical Keyboard,Electronics,3,2399,7197,WALLET,29-05-2023,19:32,2025-04-08,VALID,IN,9119264476,2023-05-29,19:32:00,VALID,
ORD000159,636395,Yashvi Hora,25403383,SG,Kolkata,P1003,Bluetooth Speaker,Electronics,1,1777,1777,WALLET,24-05-2023,07:00:16,2024-09-15,VALID,SG,25403383,2023-05-24,07:00:16,VALID,
ORD000008,512203,Tushar Rau,8215928685,IN,Delhi,P1003,Bluetooth Speaker,Electronics,3,1874,5622,CARD,2024-01-06,04:32,2024-02-08,VALID,IN,8215928685,2024-01-06,04:32:00,VALID,
ORD000020,597401,Kiaan Bansal,7766959137,IN,Delhi,P1006,Water Bottle,Lifestyle,1,455,455,UPI,2024-06-04,02:38,2025-03-20,VALID,IN,7766959137,2024-06-04,02:38:00,VALID,
ORD000305,993574,Nirvaan Krishnan,7138648481,IN,Hyderabad,P1009,LED Lamp,Home & Office,1,815,815,NETBANKING,18-12-2023,04:08:26,2025-04-03,VALID,IN,7138648481,2023-12-18,04:08:26,VALID,
ORD000350,685395,Aarush Uppal,7607132551,IN,Ahmedabad,P1002,Smart Watch,Electronics,1,3583,3583,WALLET,2023-10-11,06:29:59,2025-03-31,VALID,IN,7607132551,2023-10-11,06:29:59,VALID,
ORD000374,979322,Heer Deo,52956189,SG,Delhi,P1001,Wireless Earbuds,Electronics,4,2261,9044,CARD,2023-08-27,15:13:21,2025-03-22,VALID,SG,52956189,2023-08-27,15:13:21,VALID,
ORD000178,642239,Armaan Anne,15215512,SG,Hyderabad,P1005,Mechanical Keyboard,Electronics,2,3874,7748,WALLET,17/07/2024,10:16:48,2025-01-08,VALID,SG,15215512,2024-07-17,10:16:48,VALID,
ORD000288,381743,Mishti Apte,8961192552,IN,Kolkata,P1001,Wireless Earbuds,Electronics,3,1992,5976,CASH,2024-03-04,19:07,2025-03-09,VALID,IN,8961192552,2024-03-04,19:07:00,VALID,
ORD000381,619706,Devansh Cherian,8689239369,IN,Delhi,P1006,Water Bottle,Lifestyle,4,390,1560,WALLET,06-12-2024,04:16,2025-02-25,VALID,IN,8689239369,2024-12-06,04:16:00,VALID,
ORD000293,614095,Arhaan Dasgupta,9313468383,IN,Chennai,P1003,Bluetooth Speaker,Electronics,5,1872,9360,UPI,30-03-2025,05:07,2025-04-11,VALID,IN,9313468383,2025-03-30,05:07:00,VALID,
ORD000080,273809,Inaaya  Mahal,8801066317,IN,Kolkata,P1009,LED Lamp,Home & Office,2,1237,2474,WALLET,05-04-2025,10:51:07,2023-09-10,VALID,IN,8801066317,2025-04-05,10:51:07,VALID,
ORD000281,577652,Rhea Master,9912430600,IN,Bangalore,P1003,Bluetooth Speaker,Electronics,3,1744,5232,CARD,2025-01-02,15:21,2023-09-01,VALID,IN,9912430600,2025-01-02,15:21:00,VALID,
ORD000355,614164,Zaina Mammen,45533193,SG,Kolkata,P1004,Office Chair,Home & Office,3,5090,15270,CASH,2023-06-09,02:43:42,2024-08-19,VALID,SG,45533193,2023-06-09,02:43:42,VALID,
ORD000250,559470,Divit Chawla,8919386647,IN,Ahmedabad,P1002,Smart Watch,Electronics,2,3944,7888,WALLET,14-04-2023,04:10:46,2025-03-18,VALID,IN,8919386647,2023-04-14,04:10:46,VALID,
ORD000154,496955,Navya Dhawan,8576363819,IN,Chennai,P1003,Bluetooth Speaker,Electronics,4,1750,7000,UPI,2024-10-15,13:21:45,2024-08-14,VALID,IN,8576363819,2024-10-15,13:21:45,VALID,
ORD000110,242140,Reyansh Mall,9202074837,IN,Kolkata,P1002,Smart Watch,Electronics,1,3255,3255,CASH,2024-09-09,18:42:09,2024-02-06,VALID,IN,9202074837,2024-09-09,18:42:09,VALID,
ORD000018,457035,Jhanvi Sehgal,8745916414,IN,Delhi,P1002,Smart Watch,Electronics,5,2636,13180,CARD,2024-01-24,08:59:50,2025-03-24,VALID,IN,8745916414,2024-01-24,08:59:50,VALID,
ORD000354,730952,Sahil Kothari,9544999759,IN,Bangalore,P1006,Water Bottle,Lifestyle,5,522,2610,UPI,07/07/2023,06:31,2025-04-07,VALID,IN,9544999759,2023-07-07,06:31:00,VALID,
ORD000127,996124,Pranay Mani,7065258075,IN,Kolkata,P1005,Mechanical Keyboard,Electronics,4,3166,12664,CASH,14-01-2025,13:17,2024-03-17,VALID,IN,7065258075,2025-01-14,13:17:00,VALID,
ORD000346,107397,Ojas Devan,9542793419,IN,Bangalore,P1006,Water Bottle,Lifestyle,1,627,627,WALLET,2025-04-03,15:59:38,2025-04-08,VALID,IN,9542793419,2025-04-03,15:59:38,VALID,
ORD000176,764851,Damini Chana,8523502527,IN,Delhi,P1004,Office Chair,Home & Office,4,4040,16160,WALLET,22/04/2024,09:16:23,2023-09-19,VALID,IN,8523502527,2024-04-22,09:16:23,VALID,
ORD000194,276828,Myra Sarna,9186475299,IN,Delhi,P1010,Fitness Band,Electronics,5,2596,12980,CARD,12-02-2024,22:40,2025-04-09,VALID,IN,9186475299,2024-02-12,22:40:00,VALID,
ORD000239,967683,Kabir Lata,9941838209,IN,Ahmedabad,P1003,Bluetooth Speaker,Electronics,4,1842,7368,CASH,04/04/2023,11:25,2025-03-28,VALID,IN,9941838209,2023-04-04,11:25:00,VALID,
ORD000153,345929,Lakshay Kari,57946723,SG,Bangalore,P1005,Mechanical Keyboard,Electronics,3,3223,9669,CARD,2024-05-05,17:17:59,2025-01-25,VALID,SG,57946723,2024-05-05,17:17:59,VALID,
ORD000295,776318,Dhanuk Sur,9220102817,IN,Bangalore,P1008,Backpack,Fashion,5,1353,6765,NETBANKING,22/12/2024,23:36,2023-08-05,VALID,IN,9220102817,2024-12-22,23:36:00,VALID,
ORD000120,931756,Nitara Singh,8088636575,IN,Kolkata,P1005,Mechanical Keyboard,Electronics,5,3547,17735,UPI,26/05/2024,20:32,2024-10-10,VALID,IN,8088636575,2024-05-26,20:32:00,VALID,
ORD000220,610165,Ojas Sodhi,7636470185,IN,Delhi,P1008,Backpack,Fashion,1,1216,1216,UPI,2023-11-03,04:41,2025-04-02,VALID,IN,7636470185,2023-11-03,04:41:00,VALID,
ORD000140,758480,Damini Toor,8045173090,IN,Bangalore,P1009,LED Lamp,Home & Office,4,1236,4944,WALLET,21-02-2023,19:26,2023-06-05,VALID,IN,8045173090,2023-02-21,19:26:00,VALID,
ORD000149,875735,Parinaaz Mann,8483023288,IN,Pune,P1004,Office Chair,Home & Office,1,6517,6517,UPI,18-09-2024,23:46,2025-03-17,VALID,IN,8483023288,2024-09-18,23:46:00,VALID,
ORD000303,267289,Umang Kaur,8681162759,IN,Delhi,P1010,Fitness Band,Electronics,3,1663,4989,UPI,2024-05-25,01:35:59,2025-03-27,VALID,IN,8681162759,2024-05-25,01:35:59,VALID,
ORD000037,903347,Trisha Ghosh,9403455972,IN,Delhi,P1002,Smart Watch,Electronics,4,3795,15180,NETBANKING,05-05-2023,14:42:33,2025-02-13,VALID,IN,9403455972,2023-05-05,14:42:33,VALID,
ORD000212,487023,Zeeshan Arora,7369953694,IN,Kolkata,P1010,Fitness Band,Electronics,4,2022,8088,CASH,09-08-2024,16:57,2025-03-29,VALID,IN,7369953694,2024-08-09,16:57:00,VALID,
ORD000226,266772,Devansh Hayer,9200788592,IN,Kolkata,P1002,Smart Watch,Electronics,2,2872,5744,WALLET,2025-04-07,12:37,2025-03-27,VALID,IN,9200788592,2025-04-07,12:37:00,VALID,
ORD000328,247923,Rania Bhattacharyya,8893549828,IN,Delhi,P1008,Backpack,Fashion,5,1216,6080,CASH,2023-10-15,06:16,2025-04-04,VALID,IN,8893549828,2023-10-15,06:16:00,VALID,
ORD000060,552159,Prisha Venkataraman,8043541813,IN,Ahmedabad,P1003,Bluetooth Speaker,Electronics,3,1402,4206,CASH,05-08-2024,14:44:19,2024-05-02,VALID,IN,8043541813,2024-08-05,14:44:19,VALID,
ORD000112,616992,Chirag Tandon,8392130357,IN,Bangalore,P1007,Notebook Set,Stationery,5,210,1050,WALLET,2024-05-12,04:09:04,2025-03-21,VALID,IN,8392130357,2024-05-12,04:09:04,VALID,
ORD000169,261495,Pihu Tailor,7864389575,IN,Delhi,P1001,Wireless Earbuds,Electronics,3,1804,5412,NETBANKING,2024-08-31,21:45,2023-10-01,VALID,IN,7864389575,2024-08-31,21:45:00,VALID,
ORD000007,866511,Ayesha Shetty,8855091969,IN,Chennai,P1006,Water Bottle,Lifestyle,4,486,1944,NETBANKING,02-11-2024,20:29:09,2023-10-31,VALID,IN,8855091969,2024-11-02,20:29:09,VALID,
ORD000284,603256,Indranil Dass,7017482744,IN,Bangalore,P1004,Office Chair,Home & Office,2,6400,12800,CARD,2023-06-21,09:18:29,2024-08-24,VALID,IN,7017482744,2023-06-21,09:18:29,VALID,
ORD000321,378424,Riya Singh,8758177950,IN,Hyderabad,P1006,Water Bottle,Lifestyle,5,469,2345,WALLET,24-03-2024,21:01,2024-01-27,VALID,IN,8758177950,2024-03-24,21:01:00,VALID,
ORD000011,847839,Gokul Varghese,9925325117,IN,Pune,P1005,Mechanical Keyboard,Electronics,2,3362,6724,WALLET,2024-06-27,15:01:07,2023-05-16,VALID,IN,9925325117,2024-06-27,15:01:07,VALID,
ORD000104,317541,Mamooty Raja,9350539051,IN,Hyderabad,P1006,Water Bottle,Lifestyle,5,321,1605,CARD,05-03-2025,20:52,2025-03-29,VALID,IN,9350539051,2025-03-05,20:52:00,VALID,
ORD000082,551493,Samarth Singhal,7658759903,IN,Ahmedabad,P1008,Backpack,Fashion,5,1657,8285,CASH,21/04/2023,00:39:56,2025-03-23,VALID,IN,7658759903,2023-04-21,00:39:56,VALID,
ORD000219,798920,Aaina Sengupta,7941991905,IN,Bangalore,P1002,Smart Watch,Electronics,3,3209,9627,UPI,09/01/2023,03:55,2024-10-18,VALID,IN,7941991905,2023-01-09,03:55:00,VALID,
ORD000235,632668,Zoya Hayre,9810415159,IN,Ahmedabad,P1005,Mechanical Keyboard,Electronics,5,2949,14745,UPI,26/05/2023,01:58:14,2024-07-31,VALID,IN,9810415159,2023-05-26,01:58:14,VALID,
ORD000324,954035,Jayesh Sabharwal,75223364,SG,Delhi,P1004,Office Chair,Home & Office,2,4630,9260,WALLET,2023-09-16,21:51,2024-10-17,VALID,SG,75223364,2023-09-16,21:51:00,VALID,
ORD000211,574615,Sahil Thaman,7624319656,IN,Kolkata,P1004,Office Chair,Home & Office,3,5719,17157,CARD,19/06/2023,06:52,2024-01-26,VALID,IN,7624319656,2023-06-19,06:52:00,VALID,
ORD000297,378194,Kavya Kadakia,7762967030,IN,Delhi,P1001,Wireless Earbuds,Electronics,4,2320,9280,CARD,2023-11-25,08:03,2025-03-21,VALID,IN,7762967030,2023-11-25,08:03:00,VALID,
ORD000325,216258,Jivin Kothari,7859978592,IN,Chennai,P1009,LED Lamp,Home & Office,2,1144,2288,NETBANKING,17-08-2024,11:08,2024-11-28,VALID,IN,7859978592,2024-08-17,11:08:00,VALID,
ORD000090,813895,Devansh Sethi,8650542480,IN,Delhi,P1010,Fitness Band,Electronics,5,2290,11450,UPI,2023-02-01,12:27,2023-05-04,VALID,IN,8650542480,2023-02-01,12:27:00,VALID,
ORD000246,737800,Rhea Krishna,9574083650,IN,Kolkata,P1001,Wireless Earbuds,Electronics,5,2338,11690,NETBANKING,2024-11-03,23:03,2024-02-14,VALID,IN,9574083650,2024-11-03,23:03:00,VALID,
ORD000148,494410,Vaibhav Sawhney,8700236945,IN,Ahmedabad,P1005,Mechanical Keyboard,Electronics,1,3395,3395,WALLET,26-09-2024,21:15,2025-01-04,VALID,IN,8700236945,2024-09-26,21:15:00,VALID,
ORD000338,962976,Aniruddh Chauhan,7433790331,IN,Ahmedabad,P1002,Smart Watch,Electronics,4,3070,12280,CARD,2024-09-07,05:39:42,2025-03-19,VALID,IN,7433790331,2024-09-07,05:39:42,VALID,
ORD000093,915577,Aradhya Upadhyay,8454899242,IN,Mumbai,P1007,Notebook Set,Stationery,3,290,870,CASH,19-09-2023,21:59,2025-03-17,VALID,IN,8454899242,2023-09-19,21:59:00,VALID,
ORD000070,318287,Jiya Mann,9012500763,IN,Delhi,P1007,Notebook Set,Stationery,2,475,950,UPI,22/03/2025,15:02:08,2025-03-22,VALID,IN,9012500763,2025-03-22,15:02:08,VALID,
ORD000124,224232,Divyansh Tripathi,8647981998,IN,Mumbai,P1001,Wireless Earbuds,Electronics,4,2216,8864,CASH,12/02/2024,01:48,2025-03-22,VALID,IN,8647981998,2024-02-12,01:48:00,VALID,
ORD000097,861486,Heer Shah,8080284453,IN,Delhi,P1001,Wireless Earbuds,Electronics,5,2383,11915,CARD,27/05/2023,02:09,2024-06-28,VALID,IN,8080284453,2023-05-27,02:09:00,VALID,
ORD000144,659028,Vanya Dutta,36452195,SG,Pune,P1009,LED Lamp,Home & Office,4,1283,5132,WALLET,10-04-2023,10:35,2025-04-07,VALID,SG,36452195,2023-04-10,10:35:00,VALID,
ORD000098,680823,Nakul Ravi,9084229175,IN,Mumbai,P1002,Smart Watch,Electronics,5,3088,15440,WALLET,06/03/2025,01:09,2024-06-15,VALID,IN,9084229175,2025-03-06,01:09:00,VALID,
ORD000224,339825,Tara Ravi,8727115424,IN,Kolkata,P1009,LED Lamp,Home & Office,5,868,4340,UPI,10/01/2024,15:49,2023-11-20,VALID,IN,8727115424,2024-01-10,15:49:00,VALID,
ORD000069,863233,Indrans Gade,8881824103,IN,Pune,P1003,Bluetooth Speaker,Electronics,5,1561,7805,NETBANKING,2023-11-26,07:36,2024-03-11,VALID,IN,8881824103,2023-11-26,07:36:00,VALID,
ORD000024,266733,Adah Kamdar,8643563127,IN,Mumbai,P1009,LED Lamp,Home & Office,1,626,626,CASH,30/01/2025,09:38:13,2025-04-11,VALID,IN,8643563127,2025-01-30,09:38:13,VALID,
ORD000038,595639,Armaan Sarkar,7534926256,IN,Ahmedabad,P1008,Backpack,Fashion,1,1531,1531,WALLET,12/06/2023,14:16,2024-10-04,VALID,IN,7534926256,2023-06-12,14:16:00,VALID,
ORD000145,828925,Nehmat Bhatnagar,7442535693,IN,Bangalore,P1004,Office Chair,Home & Office,5,3578,17890,WALLET,30/04/2024,19:57,2024-06-30,VALID,IN,7442535693,2024-04-30,19:57:00,VALID,
ORD000123,817427,Gokul Dixit,9236479926,IN,Mumbai,P1003,Bluetooth Speaker,Electronics,5,1231,6155,UPI,13-12-2024,04:04:45,2025-03-26,VALID,IN,9236479926,2024-12-13,04:04:45,VALID,
ORD000068,493386,Nitya Bawa,9119264476,IN,Hyderabad,P1002,Smart Watch,Electronics,4,3253,13012,CASH,03-01-2023,18:37:42,2025-04-08,VALID,IN,9119264476,2023-01-03,18:37:42,VALID,
ORD000336,159463,Divij Viswanathan,9460578167,IN,Delhi,P1002,Smart Watch,Electronics,3,3702,11106,NETBANKING,2023-09-07,18:10,2023-11-02,VALID,IN,9460578167,2023-09-07,18:10:00,VALID,
ORD000365,917914,Eva Singhal,9192118327,IN,Pune,P1002,Smart Watch,Electronics,3,3435,10305,CARD,09-02-2024,11:47:37,2023-04-29,VALID,IN,9192118327,2024-02-09,11:47:37,VALID,
ORD000126,941546,Nehmat Goswami,7422716988,IN,Bangalore,P1008,Backpack,Fashion,5,1294,6470,CASH,2024-09-08,10:06:05,2024-02-11,VALID,IN,7422716988,2024-09-08,10:06:05,VALID,
ORD000229,678426,Nakul Dalal,8072751993,IN,Delhi,P1002,Smart Watch,Electronics,1,2963,2963,UPI,2024-10-04,16:23:03,2023-05-20,VALID,IN,8072751993,2024-10-04,16:23:03,VALID,
ORD000332,198722,Nayantara Vasa,8137625097,IN,Hyderabad,P1004,Office Chair,Home & Office,2,5870,11740,UPI,02-02-2024,01:02:41,2025-03-24,VALID,IN,8137625097,2024-02-02,01:02:41,VALID,
ORD000199,137770,Jayesh Bhandari,7209194799,IN,Hyderabad,P1001,Wireless Earbuds,Electronics,5,1644,8220,UPI,01-04-2024,21:37,2023-05-12,VALID,IN,7209194799,2024-04-01,21:37:00,VALID,
ORD000333,245367,Priyansh Chawla,7598272878,IN,Ahmedabad,P1002,Smart Watch,Electronics,1,3247,3247,WALLET,21/01/2024,18:41,2023-04-28,VALID,IN,7598272878,2024-01-21,18:41:00,VALID,
ORD000195,494112,Krish Batta,7594832861,IN,Delhi,P1006,Water Bottle,Lifestyle,1,417,417,NETBANKING,2024-07-12,17:01:46,2024-11-08,VALID,IN,7594832861,2024-07-12,17:01:46,VALID,
ORD000254,376957,Aarna Chacko,8746818648,IN,Kolkata,P1008,Backpack,Fashion,1,973,973,UPI,2023-01-02,23:26:10,2023-06-02,VALID,IN,8746818648,2023-01-02,23:26:10,VALID,
ORD000298,289811,Ehsaan Sen,8615627210,IN,Mumbai,P1009,LED Lamp,Home & Office,4,969,3876,NETBANKING,25-05-2024,15:47,2023-05-08,VALID,IN,8615627210,2024-05-25,15:47:00,VALID,
ORD000184,314874,Drishya Rana,9718451672,IN,Hyderabad,P1003,Bluetooth Speaker,Electronics,2,1602,3204,UPI,08/04/2023,07:13:57,2023-10-12,VALID,IN,9718451672,2023-04-08,07:13:57,VALID,
ORD000197,931885,Advika Mangat,7365406240,IN,Pune,P1007,Notebook Set,Stationery,4,223,892,NETBANKING,09-12-2024,11:44,2024-02-26,VALID,IN,7365406240,2024-12-09,11:44:00,VALID,
ORD000279,631413,Shayak Cheema,7854161249,IN,Mumbai,P1006,Water Bottle,Lifestyle,3,334,1002,UPI,16-01-2024,14:54:07,2025-01-13,VALID,IN,7854161249,2024-01-16,14:54:07,VALID,
ORD000223,913410,Nirvi Chada,27904916,SG,Chennai,P1001,Wireless Earbuds,Electronics,4,2330,9320,PAYNOW,2025-03-13,03:15,2024-01-19,VALID,SG,27904916,2025-03-13,03:15:00,VALID,
ORD000278,344418,Pranay Iyengar,9851168124,IN,Pune,P1006,Water Bottle,Lifestyle,1,449,449,WALLET,2024-04-27,23:51,2023-04-26,VALID,IN,9851168124,2024-04-27,23:51:00,VALID,
ORD000130,528729,Vaibhav Bhagat,8736097463,IN,Pune,P1007,Notebook Set,Stationery,3,344,1032,CASH,01/02/2024,08:45,2023-05-11,VALID,IN,8736097463,2024-02-01,08:45:00,VALID,
ORD000039,760885,Prisha Borra,9352674462,IN,Kolkata,P1005,Mechanical Keyboard,Electronics,3,2647,7941,WALLET,10-12-2023,02:08,2025-04-02,VALID,IN,9352674462,2023-12-10,02:08:00,VALID,
ORD000012,847839,Gokul Varghese,9925325117,IN,Pune,P1005,Mechanical Keyboard,Electronics,4,3477,13908,CARD,12/03/2023,04:42,2023-05-16,VALID,IN,9925325117,2023-03-12,04:42:00,VALID,
ORD000186,775597,Nitya Das,87553761,SG,Ahmedabad,P1010,Fitness Band,Electronics,1,2400,2400,CASH,04/09/2023,12:43:57,2024-12-30,VALID,SG,87553761,2023-09-04,12:43:57,VALID,
ORD000113,474314,Kimaya Trivedi,9893224092,IN,Chennai,P1002,Smart Watch,Electronics,3,3052,9156,WALLET,23/02/2025,12:09,2025-03-16,VALID,IN,9893224092,2025-02-23,12:09:00,VALID,
ORD000342,685865,Abram Krish,9133169212,IN,Hyderabad,P1007,Notebook Set,Stationery,1,207,207,CARD,10-07-2024,00:45,2025-03-30,VALID,IN,9133169212,2024-07-10,00:45:00,VALID,
ORD000256,122197,Yuvraj  Srinivas,25021492,SG,Hyderabad,P1005,Mechanical Keyboard,Electronics,3,2953,8859,CARD,2025-01-19,02:21:38,2024-01-07,VALID,SG,25021492,2025-01-19,02:21:38,VALID,
ORD000363,686726,Ishita Ramachandran,7363718556,IN,Kolkata,P1006,Water Bottle,Lifestyle,2,654,1308,UPI,27/10/2024,09:22:20,2025-03-18,VALID,IN,7363718556,2024-10-27,09:22:20,VALID,
ORD000379,335527,Indrans Jani,7377085388,IN,Ahmedabad,P1010,Fitness Band,Electronics,5,1455,7275,UPI,05/12/2024,02:15:10,2025-04-11,VALID,IN,7377085388,2024-12-05,02:15:10,VALID,
ORD000357,823959,Elakshi Kaur,8425448560,IN,Pune,P1007,Notebook Set,Stationery,4,257,1028,CARD,03/02/2023,21:49:11,2024-08-17,VALID,IN,8425448560,2023-02-03,21:49:11,VALID,
ORD000165,526034,Kartik Bandi,38841902,SG,Bangalore,P1005,Mechanical Keyboard,Electronics,2,2081,4162,CARD,19/12/2023,01:59,2023-09-30,VALID,SG,38841902,2023-12-19,01:59:00,VALID,
ORD000247,737800,Rhea Krishna,9574083650,IN,Kolkata,P1010,Fitness Band,Electronics,1,1902,1902,NETBANKING,05/04/2025,18:01:45,2024-02-14,VALID,IN,9574083650,2025-04-05,18:01:45,VALID,
ORD000137,266010,Divij Karnik,9369438905,IN,Chennai,P1010,Fitness Band,Electronics,4,2737,10948,WALLET,18/10/2024,06:49:36,2024-07-01,VALID,IN,9369438905,2024-10-18,06:49:36,VALID,
ORD000200,110995,Mehul Balan,7202585038,IN,Pune,P1006,Water Bottle,Lifestyle,2,409,818,UPI,2025-01-17,10:29,2025-03-27,VALID,IN,7202585038,2025-01-17,10:29:00,VALID,
ORD000198,137770,Jayesh Bhandari,7209194799,IN,Hyderabad,P1002,Smart Watch,Electronics,4,3716,14864,CARD,24/11/2024,10:50,2023-05-12,VALID,IN,7209194799,2024-11-24,10:50:00,VALID,
ORD000003,511492,Aaryahi Shenoy,7994838320,IN,Chennai,P1007,Notebook Set,Stationery,4,350,1400,CASH,03-01-2024,01:46,2024-06-02,VALID,IN,7994838320,2024-01-03,01:46:00,VALID,
ORD000205,857557,Zeeshan Wable,7383465188,IN,Ahmedabad,P1006,Water Bottle,Lifestyle,4,648,2592,NETBANKING,28/03/2023,03:15,2025-03-26,VALID,IN,7383465188,2023-03-28,03:15:00,VALID,
ORD000116,402031,Urvi Tiwari,9973478222,IN,Bangalore,P1004,Office Chair,Home & Office,5,6946,34730,WALLET,16/04/2023,03:18,2025-04-03,VALID,IN,9973478222,2023-04-16,03:18:00,VALID,
ORD000228,678426,Nakul Dalal,8072751993,IN,Delhi,P1002,Smart Watch,Electronics,3,3959,11877,UPI,12/03/2025,11:08:47,2023-05-20,VALID,IN,8072751993,2025-03-12,11:08:47,VALID,
ORD000232,181718,Saksham Din,72912311,SG,Kolkata,P1007,Notebook Set,Stationery,3,240,720,PAYNOW,2023-07-03,01:25:04,2025-03-28,VALID,SG,72912311,2023-07-03,01:25:04,VALID,
ORD000027,397491,Ira Sawhney,9234330853,IN,Pune,P1007,Notebook Set,Stationery,3,425,1275,CARD,2024-01-02,21:06:22,2025-04-05,VALID,IN,9234330853,2024-01-02,21:06:22,VALID,
ORD000121,451453,Aarush Uppal,8927631712,IN,Delhi,P1003,Bluetooth Speaker,Electronics,1,1879,1879,CASH,29/03/2023,02:33,2024-05-19,VALID,IN,8927631712,2023-03-29,02:33:00,VALID,
ORD000302,482019,Seher Sem,9217268036,IN,Pune,P1002,Smart Watch,Electronics,4,3789,15156,CASH,2025-03-11,03:48,2025-03-25,VALID,IN,9217268036,2025-03-11,03:48:00,VALID,
ORD000262,279657,Dishani Rout,7252203054,IN,Kolkata,P1010,Fitness Band,Electronics,5,2682,13410,CARD,13/06/2024,19:09:07,2023-07-12,VALID,IN,7252203054,2024-06-13,19:09:07,VALID,
ORD000263,562382,Amani Dhingra,9641355189,IN,Ahmedabad,P1003,Bluetooth Speaker,Electronics,5,1988,9940,CARD,2024-03-21,20:09:53,2023-04-23,VALID,IN,9641355189,2024-03-21,20:09:53,VALID,
ORD000311,579116,Lavanya Ram,63249545,SG,Pune,P1001,Wireless Earbuds,Electronics,3,2274,6822,PAYNOW,10/10/2024,11:48,2025-01-16,VALID,SG,63249545,2024-10-10,11:48:00,VALID,
ORD000339,797875,Shlok Baria,29313419,SG,Delhi,P1003,Bluetooth Speaker,Electronics,5,1241,6205,PAYNOW,2023-01-17,16:43,2023-09-13,VALID,SG,29313419,2023-01-17,16:43:00,VALID,
ORD000128,978802,Shaan Sule,9264889041,IN,Hyderabad,P1002,Smart Watch,Electronics,2,3508,7016,NETBANKING,14/09/2024,01:08,2024-09-10,VALID,IN,9264889041,2024-09-14,01:08:00,VALID,
ORD000318,683155,Alia Sharaf,9881302496,IN,Delhi,P1002,Smart Watch,Electronics,4,3233,12932,CARD,04/07/2024,23:49,2023-12-29,VALID,IN,9881302496,2024-07-04,23:49:00,VALID,
ORD000030,217981,Farhan Ravel,7176932950,IN,Chennai,P1007,Notebook Set,Stationery,4,377,1508,CASH,26/11/2024,00:07:56,2025-04-09,VALID,IN,7176932950,2024-11-26,00:07:56,VALID,
ORD000084,517749,Devansh Sen,7980568991,IN,Chennai,P1002,Smart Watch,Electronics,5,2318,11590,CARD,07-07-2024,23:09:56,2023-10-02,VALID,IN,7980568991,2024-07-07,23:09:56,VALID,
ORD000326,411105,Sumer Suresh,9796133035,IN,Pune,P1002,Smart Watch,Electronics,5,3596,17980,CASH,10/11/2023,18:36:23,2023-05-11,VALID,IN,9796133035,2023-11-10,18:36:23,VALID,
ORD000108,650820,Dhanuk Rana,92455756,SG,Bangalore,P1008,Backpack,Fashion,2,1395,2790,CASH,18/12/2023,20:11,2023-04-26,VALID,SG,92455756,2023-12-18,20:11:00,VALID,
ORD000367,202270,Navya Sood,8104225291,IN,Hyderabad,P1009,LED Lamp,Home & Office,3,1012,3036,UPI,28/03/2023,12:19,2023-04-26,MAYBE_INVALID,IN,8104225291,2023-03-28,12:19:00,VALID,
ORD000251,842529,Gatik Kapur,9578373086,IN,Kolkata,P1008,Backpack,Fashion,1,1465,1465,CASH,17/08/2023,05:24:19,2023-10-17,VALID,IN,9578373086,2023-08-17,05:24:19,VALID,
ORD000134,374484,Sahil Ram,7950512724,IN,Chennai,P1008,Backpack,Fashion,5,1237,6185,WALLET,17-03-2023,16:22,2023-04-25,VALID,IN,7950512724,2023-03-17,16:22:00,VALID,
ORD000245,528764,Elakshi Hari,8038513406,IN,Kolkata,P1006,Water Bottle,Lifestyle,4,654,2616,NETBANKING,2023-07-04,07:01:57,2024-06-25,VALID,IN,8038513406,2023-07-04,07:01:57,VALID,
ORD000286,750120,Riya Ratta,96144385,SG,Bangalore,P1003,Bluetooth Speaker,Electronics,1,1880,1880,CASH,08-02-2023,08:49,2025-04-08,VALID,SG,96144385,2023-02-08,08:49:00,VALID,
ORD000045,305198,Hazel Solanki,9372814066,IN,Pune,P1004,Office Chair,Home & Office,1,5931,5931,CARD,12-08-2023,11:10,2023-09-23,VALID,IN,9372814066,2023-08-12,11:10:00,VALID,
ORD000362,595936,Myra Wason,8017479522,IN,Chennai,P1007,Notebook Set,Stationery,2,358,716,UPI,05/04/2024,11:23:35,2024-01-13,VALID,IN,8017479522,2024-04-05,11:23:35,VALID,
ORD000086,179868,Yuvaan Dutt,7271864211,IN,Ahmedabad,P1001,Wireless Earbuds,Electronics,3,2163,6489,NETBANKING,06/08/2023,00:03:50,2024-09-29,VALID,IN,7271864211,2023-08-06,00:03:50,VALID,
ORD000187,732429,Divyansh Bhardwaj,8157814264,IN,Delhi,P1007,Notebook Set,Stationery,2,447,894,CARD,11-04-2023,02:21:38,2023-11-10,VALID,IN,8157814264,2023-04-11,02:21:38,VALID,
ORD000013,583064,Tarini Vyas,9205613992,IN,Ahmedabad,P1005,Mechanical Keyboard,Electronics,3,4252,12756,WALLET,25/07/2023,21:41:23,2024-10-13,VALID,IN,9205613992,2023-07-25,21:41:23,VALID,
ORD000036,474993,Charvi Ahluwalia,7866106217,IN,Pune,P1004,Office Chair,Home & Office,4,5480,21920,NETBANKING,05/01/2025,12:15,2024-02-01,VALID,IN,7866106217,2025-01-05,12:15:00,VALID,
ORD000029,628023,Indranil Andra,9038756159,IN,Mumbai,P1004,Office Chair,Home & Office,3,3891,11673,CASH,24-07-2023,07:14,2023-09-17,VALID,IN,9038756159,2023-07-24,07:14:00,VALID,
ORD000171,254818,Kartik Sane,7930216039,IN,Bangalore,P1004,Office Chair,Home & Office,1,5947,5947,CASH,24/07/2024,05:40:43,2023-09-01,VALID,IN,7930216039,2024-07-24,05:40:43,VALID,
ORD000143,659028,Vanya Dutta,8636452195,IN,Pune,P1007,Notebook Set,Stationery,1,315,315,CARD,06/08/2024,17:18:04,2025-04-07,VALID,IN,8636452195,2024-08-06,17:18:04,VALID,
ORD000369,105394,Eshani Kota,51619403,SG,Bangalore,P1003,Bluetooth Speaker,Electronics,5,1276,6380,CASH,17/10/2024,11:30,2023-05-05,VALID,SG,51619403,2024-10-17,11:30:00,VALID,
ORD000317,529897,Nehmat Balasubramanian,9787247421,IN,Chennai,P1001,Wireless Earbuds,Electronics,3,2225,6675,WALLET,2024-10-29,02:06,2023-09-02,VALID,IN,9787247421,2024-10-29,02:06:00,VALID,
ORD000222,951535,Trisha Bedi,49469945,SG,Delhi,P1002,Smart Watch,Electronics,2,2886,5772,CARD,2025-03-21,20:05:15,2023-05-05,VALID,SG,49469945,2025-03-21,20:05:15,VALID,
ORD000096,671382,Zoya Subramaniam,7426587693,IN,Pune,P1002,Smart Watch,Electronics,2,3418,6836,CASH,20/09/2024,00:38:59,2023-08-18,VALID,IN,7426587693,2024-09-20,00:38:59,VALID,
ORD000052,440442,Tushar Chokshi,7253389892,IN,Bangalore,P1002,Smart Watch,Electronics,4,3062,12248,CASH,27-06-2024,23:35:21,2024-12-19,VALID,IN,7253389892,2024-06-27,23:35:21,VALID,
ORD000241,774456,Nehmat Suri,8950939032,IN,Bangalore,P1002,Smart Watch,Electronics,3,3605,10815,UPI,03/12/2024,02:37:37,2024-07-15,VALID,IN,8950939032,2024-12-03,02:37:37,VALID,
ORD000382,472103,Armaan Bhasin,80339257,SG,Bangalore,P1008,Backpack,Fashion,5,982,4910,WALLET,28/11/2023,19:58,2025-02-06,VALID,SG,80339257,2023-11-28,19:58:00,VALID,
ORD000300,340931,Hiran Venkataraman,49082173,SG,Bangalore,P1006,Water Bottle,Lifestyle,3,593,1779,PAYNOW,06-09-2024,11:45,2023-05-08,VALID,SG,49082173,2024-09-06,11:45:00,VALID,
ORD000179,212002,Neelofar Vala,45284136,SG,Kolkata,P1008,Backpack,Fashion,5,1103,5515,WALLET,09/07/2024,16:02,2025-03-16,VALID,SG,45284136,2024-07-09,16:02:00,VALID,
ORD000306,738434,Stuvan Srinivas,9570581394,IN,Pune,P1009,LED Lamp,Home & Office,1,637,637,CASH,25/10/2023,21:08,2024-04-17,VALID,IN,9570581394,2023-10-25,21:08:00,VALID,
ORD000207,433818,Yasmin Dora,9248283582,IN,Delhi,P1009,LED Lamp,Home & Office,5,1146,5730,CARD,2024-01-03,06:52:24,2023-12-30,VALID,IN,9248283582,2024-01-03,06:52:24,VALID,
ORD000255,122197,Yuvraj  Srinivas,7825021492,IN,Hyderabad,P1008,Backpack,Fashion,3,1316,3948,NETBANKING,15/02/2025,14:04,2024-01-07,VALID,IN,7825021492,2025-02-15,14:04:00,VALID,
ORD000005,905038,Armaan Sarna,13076043,SG,Pune,P1004,Office Chair,Home & Office,1,3958,3958,CARD,17-11-2024,21:41,2024-07-07,VALID,SG,13076043,2024-11-17,21:41:00,VALID,
ORD000257,715973,Rasha Sastry,9393236358,IN,Ahmedabad,P1001,Wireless Earbuds,Electronics,1,2465,2465,NETBANKING,2023-07-30,17:46:59,2025-04-12,VALID,IN,9393236358,2023-07-30,17:46:59,VALID,
ORD000353,892031,Shray Gupta,8273391611,IN,Hyderabad,P1007,Notebook Set,Stationery,5,482,2410,CARD,10/01/2023,07:18:05,2025-03-17,VALID,IN,8273391611,2023-01-10,07:18:05,VALID,
ORD000101,277453,Azad Kalita,7761029653,IN,Hyderabad,P1008,Backpack,Fashion,1,992,992,NETBANKING,05-04-2025,23:02,2024-11-02,VALID,IN,7761029653,2025-04-05,23:02:00,VALID,
ORD000227,688927,Shayak Gandhi,8648736073,IN,Kolkata,P1005,Mechanical Keyboard,Electronics,1,4448,4448,NETBANKING,09/04/2024,09:42,2024-08-22,VALID,IN,8648736073,2024-04-09,09:42:00,VALID,
ORD000214,712633,Yuvraj  Rout,8425123235,IN,Ahmedabad,P1008,Backpack,Fashion,5,1037,5185,CARD,2025-02-26,23:17:44,2024-08-08,VALID,IN,8425123235,2025-02-26,23:17:44,VALID,
ORD000172,105156,Bhavin Kara,9617343581,IN,Chennai,P1009,LED Lamp,Home & Office,5,1176,5880,NETBANKING,14-12-2024,09:24:11,2025-04-04,VALID,IN,9617343581,2024-12-14,09:24:11,VALID,
ORD000099,245018,Kabir Vaidya,8491731479,IN,Delhi,P1002,Smart Watch,Electronics,2,3978,7956,CASH,2024-06-08,03:18:43,2023-05-11,VALID,IN,8491731479,2024-06-08,03:18:43,VALID,
ORD000216,830522,Yuvraj  Sinha,7347337316,IN,Kolkata,P1008,Backpack,Fashion,2,1159,2318,CASH,18-03-2025,01:02:06,2024-05-24,VALID,IN,7347337316,2025-03-18,01:02:06,VALID,
ORD000062,136596,Onkar Ahuja,87224925,SG,Hyderabad,P1010,Fitness Band,Electronics,4,2744,10976,CARD,26/04/2024,08:11:37,2025-03-28,VALID,SG,87224925,2024-04-26,08:11:37,VALID,
ORD000048,285490,Lakshay Loke,9040520243,IN,Bangalore,P1001,Wireless Earbuds,Electronics,3,1899,5697,NETBANKING,2024-12-25,23:33:41,2025-04-14,VALID,IN,9040520243,2024-12-25,23:33:41,VALID,
ORD000033,462199,Tara Dani,9559381066,IN,Delhi,P1009,LED Lamp,Home & Office,4,1123,4492,CASH,11-11-2024,05:39:36,2025-04-11,VALID,IN,9559381066,2024-11-11,05:39:36,VALID,
ORD000268,493266,Manjari De,9835149328,IN,Kolkata,P1004,Office Chair,Home & Office,3,4329,12987,CARD,11/09/2024,14:13:58,2024-04-27,VALID,IN,9835149328,2024-09-11,14:13:58,VALID,
ORD000201,221004,Chirag Singh,8746743518,IN,Pune,P1009,LED Lamp,Home & Office,3,1152,3456,NETBANKING,15/02/2023,10:41,2024-12-08,VALID,IN,8746743518,2023-02-15,10:41:00,VALID,
ORD000351,833780,Taran Bora,8090659252,IN,Pune,P1010,Fitness Band,Electronics,4,2273,9092,UPI,30/04/2023,17:52:50,2023-10-28,VALID,IN,8090659252,2023-04-30,17:52:50,VALID,
ORD000028,898837,Ivana Grover,8006314846,IN,Hyderabad,P1010,Fitness Band,Electronics,1,2327,2327,CARD,2024-02-27,10:50:59,2024-06-19,VALID,IN,8006314846,2024-02-27,10:50:59,VALID,
ORD000231,181718,Saksham Din,7172912311,IN,Kolkata,P1004,Office Chair,Home & Office,3,3696,11088,UPI,20/07/2024,13:14,2025-03-28,VALID,IN,7172912311,2024-07-20,13:14:00,VALID,
ORD000261,279657,Dishani Rout,7252203054,IN,Kolkata,P1002,Smart Watch,Electronics,4,3952,15808,CASH,01/02/2024,17:43:55,2023-07-12,VALID,IN,7252203054,2024-02-01,17:43:55,VALID,
ORD000289,973631,Miraya Gade,7994038627,IN,Chennai,P1002,Smart Watch,Electronics,5,2908,14540,NETBANKING,21-12-2024,01:35,2023-07-05,VALID,IN,7994038627,2024-12-21,01:35:00,VALID,
ORD000163,530022,Neysa Vaidya,9897307932,IN,Hyderabad,P1009,LED Lamp,Home & Office,1,1243,1243,NETBANKING,2024-06-01,04:10:20,2025-04-09,VALID,IN,9897307932,2024-06-01,04:10:20,VALID,
ORD000335,790421,Shamik Sastry,7770833983,IN,Mumbai,P1008,Backpack,Fashion,4,1085,4340,CARD,08/09/2024,21:14:26,2025-04-01,VALID,IN,7770833983,2024-09-08,21:14:26,VALID,
ORD000139,758480,Damini Toor,8045173090,IN,Bangalore,P1003,Bluetooth Speaker,Electronics,3,1171,3513,NETBANKING,23/11/2023,11:25:08,2023-06-05,VALID,IN,8045173090,2023-11-23,11:25:08,VALID,
ORD000063,815362,Aaryahi Wali,7576253427,IN,Hyderabad,P1008,Backpack,Fashion,1,997,997,UPI,26/02/2024,21:25,2023-07-05,VALID,IN,7576253427,2024-02-26,21:25:00,VALID,
ORD000136,266010,Divij Karnik,9369438905,IN,Chennai,P1002,Smart Watch,Electronics,1,3623,3623,CASH,06/04/2023,18:37,2024-07-01,VALID,IN,9369438905,2023-04-06,18:37:00,VALID,
ORD000129,978802,Shaan Sule,9264889041,IN,Hyderabad,P1006,Water Bottle,Lifestyle,2,431,862,CASH,16-01-2024,18:08:33,2024-09-10,VALID,IN,9264889041,2024-01-16,18:08:33,VALID,
ORD000009,553987,Samiha Gill,7518091323,IN,Ahmedabad,P1001,Wireless Earbuds,Electronics,3,1983,5949,UPI,02-09-2024,17:55,2025-04-05,VALID,IN,7518091323,2024-09-02,17:55:00,VALID,
ORD000065,530489,Alia Deo,9838248510,IN,Delhi,P1009,LED Lamp,Home & Office,5,1279,6395,CASH,15-05-2023,22:31,2024-03-14,VALID,IN,9838248510,2023-05-15,22:31:00,VALID,
ORD000301,667280,Ivan Sengupta,17770255,SG,Mumbai,P1002,Smart Watch,Electronics,5,3634,18170,CASH,2024-12-19,05:31:08,2024-10-17,MAYBE_INVALID,SG,17770255,2024-12-19,05:31:08,VALID,
ORD000015,584429,Badal Grewal,7999251911,IN,Kolkata,P1001,Wireless Earbuds,Electronics,4,2320,9280,CASH,07/08/2024,15:51,2024-02-22,VALID,IN,7999251911,2024-08-07,15:51:00,VALID,
ORD000041,643914,Kiara Golla,20200747,SG,Delhi,P1008,Backpack,Fashion,1,1340,1340,CARD,05/07/2024,19:57:14,2024-05-04,VALID,SG,20200747,2024-07-05,19:57:14,VALID,
ORD000361,595936,Myra Wason,17479522,SG,Chennai,P1008,Backpack,Fashion,1,1953,1953,CARD,07-01-2025,09:16,2024-01-13,VALID,SG,17479522,2025-01-07,09:16:00,VALID,
ORD000319,683155,Alia Sharaf,9881302496,IN,Delhi,P1003,Bluetooth Speaker,Electronics,3,1488,4464,UPI,2024-07-25,07:58:16,2023-12-29,VALID,IN,9881302496,2024-07-25,07:58:16,VALID,
ORD000217,366216,Miraan Handa,28770515,SG,Ahmedabad,P1001,Wireless Earbuds,Electronics,5,1666,8330,CARD,2024-12-06,09:10:55,2023-09-27,VALID,SG,28770515,2024-12-06,09:10:55,VALID,
ORD000280,631413,Shayak Cheema,7854161249,IN,Mumbai,P1001,Wireless Earbuds,Electronics,2,2012,4024,WALLET,28-11-2024,13:03,2025-01-13,VALID,IN,7854161249,2024-11-28,13:03:00,VALID,
ORD000341,714984,Yuvaan Dugar,7697821337,IN,Hyderabad,P1007,Notebook Set,Stationery,3,460,1380,WALLET,08-05-2024,23:58,2023-08-25,VALID,IN,7697821337,2024-05-08,23:58:00,VALID,
ORD000237,127033,Myra Keer,9258804475,IN,Bangalore,P1005,Mechanical Keyboard,Electronics,5,2813,14065,CASH,08-04-2024,06:08,2023-08-01,VALID,IN,9258804475,2024-04-08,06:08:00,VALID,
ORD000208,213392,Raunak Kara,63598326,SG,Bangalore,P1007,Notebook Set,Stationery,4,418,1672,WALLET,2025-02-18,08:14:34,2024-01-01,VALID,SG,63598326,2025-02-18,08:14:34,VALID,
ORD000213,487023,Zeeshan Arora,7369953694,IN,Kolkata,P1003,Bluetooth Speaker,Electronics,1,1138,1138,NETBANKING,2023-09-13,07:48:53,2025-03-29,VALID,IN,7369953694,2023-09-13,07:48:53,VALID,
ORD000296,513234,Armaan Kapur,7619250454,IN,Pune,P1006,Water Bottle,Lifestyle,5,488,2440,WALLET,21/12/2023,12:09,2025-03-21,VALID,IN,7619250454,2023-12-21,12:09:00,VALID,
ORD000359,212244,Farhan Dasgupta,7407749912,IN,Ahmedabad,P1004,Office Chair,Home & Office,2,3854,7708,CASH,18-12-2024,12:17,2024-01-13,VALID,IN,7407749912,2024-12-18,12:17:00,VALID,
ORD000252,816878,Anay Mani,9322796202,IN,Ahmedabad,P1003,Bluetooth Speaker,Electronics,1,1307,1307,CARD,2024-08-04,10:58,2025-03-07,VALID,IN,9322796202,2024-08-04,10:58:00,VALID,
ORD000385,633702,Tejas Sanghvi,9396172907,IN,Kolkata,P1007,Notebook Set,Stationery,5,361,1805,CASH,2023-02-02,06:06:02,2025-04-14,VALID,IN,9396172907,2023-02-02,06:06:02,VALID,
ORD000380,109407,Miraya Sura,9254427086,IN,Pune,P1002,Smart Watch,Electronics,4,3344,13376,WALLET,07/06/2023,03:08,2023-05-11,VALID,IN,9254427086,2023-06-07,03:08:00,VALID,
ORD000304,417145,Oorja Gopal,7522286197,IN,Ahmedabad,P1010,Fitness Band,Electronics,2,2823,5646,NETBANKING,2025-04-14,21:38:38,2023-11-10,VALID,IN,7522286197,2025-04-14,21:38:38,VALID,
ORD000270,191011,Samarth Subramanian,40412987,SG,Delhi,P1003,Bluetooth Speaker,Electronics,2,1378,2756,CASH,05/01/2024,11:52:29,2023-09-10,VALID,SG,40412987,2024-01-05,11:52:29,VALID,
ORD000202,221004,Chirag Singh,8746743518,IN,Pune,P1004,Office Chair,Home & Office,4,4804,19216,WALLET,19/02/2024,20:42:27,2024-12-08,VALID,IN,8746743518,2024-02-19,20:42:27,VALID,
ORD000162,421030,Kimaya Bansal,8700213645,IN,Pune,P1004,Office Chair,Home & Office,1,3903,3903,CARD,27/04/2024,06:48,2024-03-03,VALID,IN,8700213645,2024-04-27,06:48:00,VALID,
ORD000218,798920,Aaina Sengupta,7941991905,IN,Bangalore,P1002,Smart Watch,Electronics,5,2627,13135,CASH,09/11/2023,07:27,2024-10-18,VALID,IN,7941991905,2023-11-09,07:27:00,VALID,
ORD000310,579116,Lavanya Ram,9363249545,IN,Pune,P1004,Office Chair,Home & Office,4,4840,19360,WALLET,01-02-2024,21:20,2025-01-16,VALID,IN,9363249545,2024-02-01,21:20:00,VALID,
ORD000260,507076,Saanvi Bahri,9893580057,IN,Pune,P1003,Bluetooth Speaker,Electronics,1,1965,1965,CASH,20-08-2023,04:48,2025-04-02,VALID,IN,9893580057,2023-08-20,04:48:00,VALID,
ORD000106,339336,Samiha Swaminathan,7357693465,IN,Kolkata,P1010,Fitness Band,Electronics,3,1740,5220,WALLET,08-10-2024,18:03,2025-01-28,VALID,IN,7357693465,2024-10-08,18:03:00,VALID,
ORD000054,498577,Miraan Talwar,8676320773,IN,Hyderabad,P1010,Fitness Band,Electronics,1,2227,2227,WALLET,2023-11-06,04:17,2023-04-20,VALID,IN,8676320773,2023-11-06,04:17:00,VALID,
ORD000002,848133,Mannat Talwar,8578396720,IN,Pune,P1004,Office Chair,Home & Office,3,4737,14211,WALLET,04/04/2024,00:48,2024-06-11,VALID,IN,8578396720,2024-04-04,00:48:00,VALID,
ORD000050,858599,Rasha Saxena,8546090013,IN,Ahmedabad,P1010,Fitness Band,Electronics,3,2833,8499,WALLET,30-12-2023,19:44:56,2023-09-07,VALID,IN,8546090013,2023-12-30,19:44:56,VALID,
ORD000081,132742,Siya Shankar,8027015672,IN,Mumbai,P1002,Smart Watch,Electronics,1,3426,3426,CARD,03/04/2025,12:00,2024-02-04,VALID,IN,8027015672,2025-04-03,12:00:00,VALID,
ORD000206,604055,Umang Arora,7908961088,IN,Pune,P1003,Bluetooth Speaker,Electronics,1,1757,1757,CASH,10-07-2023,22:58,2023-07-14,VALID,IN,7908961088,2023-07-10,22:58:00,VALID,
ORD000035,759139,Priyansh Sha,9666390588,IN,Bangalore,P1003,Bluetooth Speaker,Electronics,5,1644,8220,UPI,29/08/2023,06:09,2025-03-08,VALID,IN,9666390588,2023-08-29,06:09:00,VALID,
ORD000264,692384,Alisha Subramaniam,9068950182,IN,Kolkata,P1006,Water Bottle,Lifestyle,3,616,1848,UPI,13/01/2023,16:50,2025-03-26,VALID,IN,9068950182,2023-01-13,16:50:00,VALID,
ORD000092,915577,Aradhya Upadhyay,8454899242,IN,Mumbai,P1008,Backpack,Fashion,3,1555,4665,WALLET,26/02/2025,06:27,2025-03-17,VALID,IN,8454899242,2025-02-26,06:27:00,VALID,
ORD000340,243454,Vidur Chad,9516178818,IN,Chennai,P1010,Fitness Band,Electronics,2,2123,4246,UPI,2025-02-09,21:08,2024-07-09,VALID,IN,9516178818,2025-02-09,21:08:00,VALID,
ORD000053,410423,Vihaan Hayre,9670550456,IN,Bangalore,P1008,Backpack,Fashion,3,1045,3135,CASH,19/02/2025,06:47:30,2023-09-21,VALID,IN,9670550456,2025-02-19,06:47:30,VALID,
ORD000265,692384,Alisha Subramaniam,9068950182,IN,Kolkata,P1007,Notebook Set,Stationery,5,484,2420,CARD,2024-07-30,17:56:22,2025-03-26,VALID,IN,9068950182,2024-07-30,17:56:22,VALID,
ORD000242,990834,Mohanlal Bora,9484171322,IN,Kolkata,P1002,Smart Watch,Electronics,2,3170,6340,UPI,08-04-2025,14:03:10,2023-12-12,VALID,IN,9484171322,2025-04-08,14:03:10,VALID,
ORD000014,733533,Eshani Ramaswamy,9901804796,IN,Pune,P1009,LED Lamp,Home & Office,4,600,2400,NETBANKING,2023-08-14,20:03,2024-11-09,VALID,IN,9901804796,2023-08-14,20:03:00,VALID,
ORD000316,693620,Hunar Wable,16194136,SG,Ahmedabad,P1008,Backpack,Fashion,5,1035,5175,CASH,25-11-2023,03:24:16,2023-04-19,VALID,SG,16194136,2023-11-25,03:24:16,VALID,
ORD000089,841380,Rati Devi,8064637125,IN,Mumbai,P1003,Bluetooth Speaker,Electronics,4,1618,6472,CASH,07-03-2025,03:28,2023-11-25,VALID,IN,8064637125,2025-03-07,03:28:00,VALID,
ORD000167,202459,Sana Taneja,9794013443,IN,Mumbai,P1007,Notebook Set,Stationery,1,486,486,UPI,02/07/2023,04:46,2023-09-29,VALID,IN,9794013443,2023-07-02,04:46:00,VALID,
ORD000329,476924,Yuvraj  Karnik,9262221860,IN,Hyderabad,P1002,Smart Watch,Electronics,4,3561,14244,UPI,2023-08-06,17:57:34,2024-10-17,VALID,IN,9262221860,2023-08-06,17:57:34,VALID,
ORD000135,374484,Sahil Ram,7950512724,IN,Chennai,P1003,Bluetooth Speaker,Electronics,5,1831,9155,NETBANKING,15-06-2023,07:22:33,2023-04-25,VALID,IN,7950512724,2023-06-15,07:22:33,VALID,
ORD000307,738434,Stuvan Srinivas,9570581394,IN,Pune,P1009,LED Lamp,Home & Office,2,827,1654,WALLET,07/08/2024,21:47:57,2024-04-17,VALID,IN,9570581394,2024-08-07,21:47:57,VALID,
ORD000378,335527,Indrans Jani,7377085388,IN,Ahmedabad,P1005,Mechanical Keyboard,Electronics,1,2037,2037,NETBANKING,2023-04-26,10:00:10,2025-04-11,VALID,IN,7377085388,2023-04-26,10:00:10,VALID,
ORD000244,642260,Lagan Karpe,8636306592,IN,Chennai,P1008,Backpack,Fashion,1,1891,1891,NETBANKING,20/10/2024,17:50:01,2025-04-02,VALID,IN,8636306592,2024-10-20,17:50:01,VALID,
ORD000055,765240,Zaina Cheema,7719454656,IN,Pune,P1009,LED Lamp,Home & Office,1,1071,1071,CASH,10-08-2024,14:21,2025-03-31,VALID,IN,7719454656,2024-08-10,14:21:00,VALID,
ORD000051,712034,Divyansh Bhasin,9243605829,IN,Delhi,P1009,LED Lamp,Home & Office,4,785,3140,UPI,04/09/2023,22:31,2025-03-19,VALID,IN,9243605829,2023-09-04,22:31:00,VALID,
ORD000175,724396,Sana Korpal,8014201066,IN,Pune,P1004,Office Chair,Home & Office,2,4830,9660,WALLET,2023-01-16,23:07:47,2024-10-26,VALID,IN,8014201066,2023-01-16,23:07:47,VALID,
ORD000190,379633,Faiyaz Sani,9609095735,IN,Pune,P1001,Wireless Earbuds,Electronics,4,2217,8868,CASH,24/07/2024,03:01:05,2024-07-27,VALID,IN,9609095735,2024-07-24,03:01:05,VALID,
ORD000188,638393,Armaan Barad,7462458221,IN,Chennai,P1006,Water Bottle,Lifestyle,3,617,1851,UPI,20-01-2024,18:42,2024-07-02,VALID,IN,7462458221,2024-01-20,18:42:00,VALID,
ORD000170,254818,Kartik Sane,7930216039,IN,Bangalore,P1004,Office Chair,Home & Office,5,6536,32680,UPI,30-05-2024,23:36:20,2023-09-01,VALID,IN,7930216039,2024-05-30,23:36:20,VALID,
ORD000059,552159,Prisha Venkataraman,8043541813,IN,Ahmedabad,P1005,Mechanical Keyboard,Electronics,1,3681,3681,UPI,28/09/2023,06:27,2024-05-02,VALID,IN,8043541813,2023-09-28,06:27:00,VALID,
ORD000049,858599,Rasha Saxena,8546090013,IN,Ahmedabad,P1010,Fitness Band,Electronics,4,2932,11728,WALLET,2023-09-09,14:15:48,2023-09-07,VALID,IN,8546090013,2023-09-09,14:15:48,VALID,
ORD000345,107397,Ojas Devan,42793419,SG,Bangalore,P1005,Mechanical Keyboard,Electronics,3,2779,8337,PAYNOW,24-08-2023,05:06:13,2025-04-08,VALID,SG,42793419,2023-08-24,05:06:13,VALID,
ORD000236,276162,Jivika Keer,9935255719,IN,Bangalore,P1006,Water Bottle,Lifestyle,2,308,616,NETBANKING,18/03/2023,13:42,2023-07-01,VALID,IN,9935255719,2023-03-18,13:42:00,VALID,
ORD000253,524691,Keya Singh,8673679421,IN,Chennai,P1010,Fitness Band,Electronics,5,2988,14940,UPI,21/06/2023,02:52:45,2024-12-31,VALID,IN,8673679421,2023-06-21,02:52:45,VALID,
ORD000022,531065,Navya Agrawal,7121386682,IN,Hyderabad,P1006,Water Bottle,Lifestyle,3,379,1137,CARD,2023-03-16,18:06,2025-02-25,VALID,IN,7121386682,2023-03-16,18:06:00,VALID,
ORD000314,601336,Anahita Sane,9768081412,IN,Mumbai,P1002,Smart Watch,Electronics,1,3860,3860,CASH,10/07/2024,11:14,2024-05-08,VALID,IN,9768081412,2024-07-10,11:14:00,VALID,
ORD000161,421030,Kimaya Bansal,8700213645,IN,Pune,P1005,Mechanical Keyboard,Electronics,2,4151,8302,CARD,01/05/2023,09:23,2024-03-03,VALID,IN,8700213645,2023-05-01,09:23:00,VALID,
ORD000277,344418,Pranay Iyengar,9851168124,IN,Pune,P1005,Mechanical Keyboard,Electronics,2,4053,8106,CASH,2025-04-15,22:14:43,2023-04-26,VALID,IN,9851168124,2025-04-15,22:14:43,VALID,
ORD000192,867473,Jivin Sibal,8263607515,IN,Delhi,P1007,Notebook Set,Stationery,5,352,1760,CARD,07-03-2024,02:23,2024-02-17,VALID,IN,8263607515,2024-03-07,02:23:00,VALID,
ORD000294,677547,Nakul Ganesh,7281220029,IN,Bangalore,P1003,Bluetooth Speaker,Electronics,3,1166,3498,UPI,24-01-2024,21:56,2023-04-26,VALID,IN,7281220029,2024-01-24,21:56:00,VALID,
ORD000344,308145,Inaaya  Som,9581582581,IN,Bangalore,P1010,Fitness Band,Electronics,2,1360,2720,CASH,24-07-2024,17:35:30,2023-12-23,VALID,IN,9581582581,2024-07-24,17:35:30,VALID,
ORD000258,240789,Tara Bhakta,9957649440,IN,Ahmedabad,P1005,Mechanical Keyboard,Electronics,1,4223,4223,CASH,2024-01-05,09:52:42,2023-05-14,VALID,IN,9957649440,2024-01-05,09:52:42,VALID,
ORD000309,250616,Nishith Ramachandran,7822335748,IN,Delhi,P1005,Mechanical Keyboard,Electronics,3,3039,9117,CARD,27/01/2025,23:41:35,2024-06-13,VALID,IN,7822335748,2025-01-27,23:41:35,VALID,
ORD000150,879908,Nayantara Ram,77380881,SG,Hyderabad,P1009,LED Lamp,Home & Office,4,1006,4024,CASH,15/04/2024,11:43:49,2023-08-03,VALID,SG,77380881,2024-04-15,11:43:49,VALID,
ORD000131,528729,Vaibhav Bhagat,36097463,SG,Pune,P1010,Fitness Band,Electronics,1,2396,2396,PAYNOW,26/06/2023,02:51:43,2023-05-11,VALID,SG,36097463,2023-06-26,02:51:43,VALID,
ORD000152,420069,Tushar Johal,8935358592,IN,Bangalore,P1008,Backpack,Fashion,2,1438,2876,CASH,10-07-2024,12:52,2024-02-27,VALID,IN,8935358592,2024-07-10,12:52:00,VALID,
ORD000360,212244,Farhan Dasgupta,7407749912,IN,Ahmedabad,P1010,Fitness Band,Electronics,4,1305,5220,CARD,22-07-2024,06:09,2024-01-13,VALID,IN,7407749912,2024-07-22,06:09:00,VALID,
ORD000373,621919,Vardaniya Joshi,9671617710,IN,Hyderabad,P1007,Notebook Set,Stationery,2,468,936,CARD,06/10/2023,06:20,2025-03-12,VALID,IN,9671617710,2023-10-06,06:20:00,VALID,
ORD000088,845296,Aarna Devan,7608772410,IN,Mumbai,P1005,Mechanical Keyboard,Electronics,3,4490,13470,CARD,2023-05-15,07:37,2025-03-19,VALID,IN,7608772410,2023-05-15,07:37:00,VALID,
ORD000331,198722,Nayantara Vasa,8137625097,IN,Hyderabad,P1010,Fitness Band,Electronics,5,2464,12320,CARD,30/05/2023,11:02:14,2025-03-24,VALID,IN,8137625097,2023-05-30,11:02:14,VALID,
ORD000122,451453,Aarush Uppal,8927631712,IN,Delhi,P1007,Notebook Set,Stationery,1,385,385,NETBANKING,11-03-2023,21:40:06,2024-05-19,VALID,IN,8927631712,2023-03-11,21:40:06,VALID,
ORD000021,531065,Navya Agrawal,7121386682,IN,Hyderabad,P1007,Notebook Set,Stationery,1,327,327,UPI,04/11/2024,10:59,2025-02-25,VALID,IN,7121386682,2024-11-04,10:59:00,VALID,
ORD000189,216585,Divyansh Kashyap,9611375768,IN,Ahmedabad,P1010,Fitness Band,Electronics,4,2579,10316,CASH,2024-10-11,10:23,2023-04-28,VALID,IN,9611375768,2024-10-11,10:23:00,VALID,
ORD000072,463727,Zain Rattan,7669027887,IN,Pune,P1002,Smart Watch,Electronics,5,3114,15570,CASH,16-02-2025,01:39,2024-03-30,VALID,IN,7669027887,2025-02-16,01:39:00,VALID,
ORD000107,131166,Samiha Batra,7150792111,IN,Delhi,P1005,Mechanical Keyboard,Electronics,5,2514,12570,NETBANKING,03/04/2023,12:29,2023-12-24,VALID,IN,7150792111,2023-04-03,12:29:00,VALID,
ORD000271,775342,Hiran Seshadri,51443940,SG,Hyderabad,P1002,Smart Watch,Electronics,2,3713,7426,CARD,18-07-2024,08:47,2025-04-08,VALID,SG,51443940,2024-07-18,08:47:00,VALID,
ORD000103,260398,Rasha Seshadri,8496435124,IN,Bangalore,P1003,Bluetooth Speaker,Electronics,5,1549,7745,WALLET,22/03/2024,02:25:55,2025-03-22,VALID,IN,8496435124,2024-03-22,02:25:55,VALID,
